{
    "id": "440ea4ff-05ca-426b-95d1-be354e16174a",
    "victoryPlatformPos": {
        "x": 499.40777587890627,
        "y": 328.41473388671877,
        "z": -11.268095970153809
    },
    "init": {
        "blockers": [],
        "leftBoosters": [],
        "rightBoosters": [],
        "bouncers": [
            {
                "id": "8/21/2022 12:30:41 PM",
                "rot": {
                    "x": 0.0,
                    "y": 0.0,
                    "z": 0.9170600175857544,
                    "w": 0.3987492024898529
                },
                "pos": {
                    "x": -14.955652236938477,
                    "y": 4.3669562339782719,
                    "z": 0.0
                },
                "scale": {
                    "x": 5.35699987411499,
                    "y": 1.0,
                    "z": 1.0
                }
            }
        ],
        "megaBouncers": []
    },
    "keys": [
        {
            "ID": "8/21/2022 12:30:41 PM",
            "Position": {
                "x": -8.569564819335938,
                "y": -1.0330435037612916,
                "z": 0.0
            }
        }
    ]
}