{"id":"fc80ba79-8805-43c3-bb09-f9ea3b96ffed","victoryPlatformPos":{"x":10.210000038146973,"y":-5.779200077056885,"z":0.0},"init":{"blockers":[],"leftBoosters":[{"id":"8/21/2022 4:15:14 PM","rot":{"x":0.0,"y":0.0,"z":0.0,"w":1.0},"pos":{"x":4.879059791564941,"y":-1.3849411010742188,"z":0.0},"scale":{"x":5.35699987411499,"y":1.0,"z":1.0}}],"rightBoosters":[{"id":"8/21/2022 4:15:17 PM","rot":{"x":0.0,"y":0.0,"z":0.0,"w":1.0},"pos":{"x":15.600000381469727,"y":-1.3849411010742188,"z":0.0},"scale":{"x":5.35699987411499,"y":1.0,"z":1.0}}],"bouncers":[],"megaBouncers":[{"id":"8/21/2022 4:15:11 PM","rot":{"x":0.0,"y":0.0,"z":0.0,"w":1.0},"pos":{"x":10.240941047668457,"y":-2.757176399230957,"z":0.0},"scale":{"x":5.35699987411499,"y":1.0,"z":1.0}}]},"keys":[{"ID":"8/21/2022 4:15:17 PM","Position":{"x":15.600000381469727,"y":-1.3849411010742188,"z":0.0}},{"ID":"8/21/2022 4:15:14 PM","Position":{"x":-8.080941200256348,"y":2.096470832824707,"z":0.0}},{"ID":"8/21/2022 4:15:11 PM","Position":{"x":3.2018816471099855,"y":2.808000326156616,"z":0.0}}]}