{"id":"799bb605-9f79-4393-a446-d021b5cee32c","victoryPlatformPos":{"x":499.40777587890627,"y":328.41473388671877,"z":-11.268095970153809},"init":{"blockers":[],"leftBoosters":[],"rightBoosters":[{"id":"8/21/2022 12:49:37 PM","rot":{"x":0.0,"y":0.0,"z":0.0,"w":1.0},"pos":{"x":-9.432000160217286,"y":-2.9519999027252199,"z":0.0},"scale":{"x":5.35699987411499,"y":1.0,"z":1.0}}],"bouncers":[{"id":"8/21/2022 12:49:40 PM","rot":{"x":0.0,"y":0.0,"z":0.0,"w":1.0},"pos":{"x":0.8399991989135742,"y":-4.104000091552734,"z":0.0},"scale":{"x":5.35699987411499,"y":1.0,"z":1.0}}],"megaBouncers":[{"id":"8/21/2022 12:49:38 PM","rot":{"x":0.0,"y":0.0,"z":0.0,"w":1.0},"pos":{"x":0.407999724149704,"y":3.384000301361084,"z":0.0},"scale":{"x":5.35699987411499,"y":1.0,"z":1.0}}]},"keys":[{"ID":"8/21/2022 12:49:40 PM","Position":{"x":-7.415999889373779,"y":-3.7199997901916506,"z":0.0}},{"ID":"8/21/2022 12:49:38 PM","Position":{"x":-12.312000274658204,"y":1.8480002880096436,"z":0.0}},{"ID":"8/21/2022 12:49:37 PM","Position":{"x":2.0400009155273439,"y":2.136000394821167,"z":0.0}}]}