{"id":"b59734c3-dcf2-4ffa-ac28-ab16b5d3f8f6","victoryPlatformPos":{"x":499.40777587890627,"y":328.41473388671877,"z":-11.268095970153809},"init":{"blockers":[{"id":"610","rot":{"x":0.0,"y":0.0,"z":0.0,"w":1.0},"pos":{"x":6.7341179847717289,"y":-2.19811749458313,"z":0.0},"scale":{"x":0.0,"y":0.0,"z":0.0}}],"leftBoosters":[{"id":"8/21/2022 12:51:27 PM","rot":{"x":0.0,"y":0.0,"z":0.0,"w":1.0},"pos":{"x":10.291764259338379,"y":-1.8423528671264649,"z":0.0},"scale":{"x":5.35699987411499,"y":1.0,"z":1.0}}],"rightBoosters":[],"bouncers":[],"megaBouncers":[{"id":"8/21/2022 12:51:19 PM","rot":{"x":0.0,"y":0.0,"z":0.0,"w":1.0},"pos":{"x":10.291764259338379,"y":-2.807999849319458,"z":0.0},"scale":{"x":5.35699987411499,"y":1.0,"z":1.0}}]},"keys":[{"ID":"8/21/2022 12:51:27 PM","Position":{"x":10.291764259338379,"y":-1.8423528671264649,"z":0.0}},{"ID":"8/21/2022 12:51:19 PM","Position":{"x":10.291764259338379,"y":-2.807999849319458,"z":0.0}}]}